name,email
Alice,alice@gmail.com
Bob,bob@yahoo.com
Charlie,charlie@hotmail.com
David,david@outlook.com
Eva,eva@gmail.com
Frank,frank@yahoo.com
Grace,grace@hotmail.com
Helen,helen@outlook.com
Ian,ian@gmail.com
Jack,jack@yahoo.com
Karen,karen@hotmail.com
Liam,liam@outlook.com
Mona,mona@gmail.com
Nina,nina@yahoo.com
Oscar,oscar@hotmail.com
Paul,paul@outlook.com
Quinn,quinn@gmail.com
Rita,rita@yahoo.com
Steve,steve@hotmail.com
Tina,tina@outlook.com
